<?xml version="1.0" encoding="UTF-8"?>
<feature
      id="ch.ethz.eventb.utils_feature"
      label="%featureName"
      version="0.1.4.qualifier"
      provider-name="%providerName">

   <description>
      %description
   </description>

   <copyright>
      %copyright
   </copyright>

   <license url="%licenseURL">
      %license
   </license>

   <requires>
      <import plugin="org.eclipse.core.runtime"/>
      <import plugin="org.rodinp.core" version="1.7.0" match="greaterOrEqual"/>
      <import plugin="org.eventb.core" version="3.0.0" match="greaterOrEqual"/>
   </requires>

   <plugin
         id="ch.ethz.eventb.utils"
         download-size="0"
         install-size="0"
         version="0.1.4"
         unpack="false"/>

</feature>
